Date,Temperature,Rainfall,Humidity,Yield_Tons_Per_Acre
2023-01-01,29.98685661204493,0.0,44.01875648116253,39.80401925911297
2023-01-02,27.533009576094436,0.0,64.62172666081943,39.0306099322782
2023-01-03,30.7628622105165,0.0,80.24309623286852,37.90947789482219
2023-01-04,34.35021776174837,0.0,46.368259954071895,38.193293059519554
2023-01-05,27.407398635118255,0.0,61.89706167610396,38.50703390493577
2023-01-06,27.49327616589051,0.0,53.38017822203391,40.25973641764811
2023-01-07,34.83235974926674,0.0,64.25887206193036,38.29233697394928
2023-01-08,31.670779141108397,0.0,60.19147777415752,43.42761589756208
2023-01-09,26.808496316826513,0.0,53.5851309095569,37.79732130252805
2023-01-10,30.941784277665267,0.0,64.87872284871074,39.03259341286035
2023-01-11,27.002794949657538,0.0,78.04348109786743,34.74207646915681
2023-01-12,27.078214534935196,0.0,58.09096208272701,41.51008573842941
2023-01-13,29.993371585607235,0.0,67.19757942148182,38.666156148621795
2023-01-14,21.456486586389634,0.0,47.06727042128836,30.834996356260568
2023-01-15,22.29369249997762,0.0,50.43563623181991,36.50860258108226
2023-01-16,27.027616358617045,0.0,64.72406277880377,40.13572648764111
2023-01-17,25.308466306332832,0.0,74.84116028535965,34.81014994302169
2023-01-18,30.69940149478414,0.0,63.5561334878566,41.49417739577263
2023-01-19,25.8925098211966,0.0,56.86941969476845,35.26863348227143
2023-01-20,23.957133503120655,0.0,59.99291405423354,39.17879235925225
2023-01-21,35.55020957365678,0.0,47.495922660302824,42.39703124863523
2023-01-22,28.865275408935716,0.0,66.04515326355367,41.28761944940101
2023-01-23,30.11873553320506,0.0,68.82333062323409,41.01802376444975
2023-01-24,24.22932428636421,0.0,55.4790966716692,39.73285772725069
2023-01-25,27.829909047929135,0.0,55.299578522404985,37.97424288322202
2023-01-26,30.52965837190105,0.0,62.658782296520485,38.43283739441302
2023-01-27,25.559903653062946,0.0,55.63280263959405,37.8054601801149
2023-01-28,31.74393878208474,0.0,59.338673853741774,44.911798260864956
2023-01-29,27.915196594839035,0.0,80.99721789166516,34.72863573271478
2023-01-30,29.226894201405834,0.0,57.52974299254004,38.39647016582295
2023-01-31,28.0620513018823,0.0,56.41659847978778,39.14723742310161
2023-02-01,37.95246745729627,0.0,53.52458194364841,42.57334041936634
2023-02-02,30.563089137876016,0.0,67.44191971499937,38.828553465183504
2023-02-03,26.459182141867895,0.0,58.18775826781897,40.11085843695869
2023-02-04,34.05235621425086,0.0,53.506269616785744,45.367513474517104
2023-02-05,25.9501341815715,0.0,73.21304032273012,37.72472194428754
2023-02-06,31.739455747288027,0.0,74.19603004513637,38.22238528514474
2023-02-07,23.134952939284712,0.0,53.99576434261295,32.268708288058
2023-02-08,25.729640154981908,0.0,41.33460048639384,34.64769213721209
2023-02-09,31.89767868568083,0.0,70.07513689836922,43.14156664979908
2023-02-10,34.13102782443253,0.0,53.15370174239996,41.64658975368701
2023-02-11,31.928620929934787,0.0,67.90625599162769,41.37825158480415
2023-02-12,30.84557996165843,0.0,40.298961822881644,35.30403904182693
2023-02-13,30.16780331180757,0.0,68.92597338299309,38.114379713868985
2023-02-14,25.521175874648623,0.0,47.88828070719219,37.00774673141251
2023-02-15,28.6179148016794,0.0,67.30764119066525,41.674972405477824
2023-02-16,29.71572802756972,0.0,60.142730678364344,36.79495057607627
2023-02-17,35.84670909635522,0.0,50.460605806033556,44.19515366574569
2023-02-18,33.05155827309377,0.0,55.929636870732196,41.85984895248133
2023-02-19,24.68269981703184,0.0,66.86318456956701,40.767902284894106
2023-02-20,33.08786491997199,0.0,61.05894453115234,39.07146586924623
2023-02-21,30.306745012754423,0.0,65.84412980472484,38.25289823460136
2023-02-22,29.19379125413004,0.0,79.76440584515485,37.34607583849946
2023-02-23,34.401433439147354,0.0,44.357583882889486,40.07780234994196
2023-02-24,36.130803530857186,0.0,76.17212574968624,45.423698261345265
2023-02-25,35.7828157715016,0.0,61.04355937523213,44.51227758842749
2023-02-26,28.750512673621518,0.0,51.01215951676872,37.092325686540434
2023-02-27,30.91900362842418,0.0,46.696863742610105,35.74613614740233
2023-02-28,33.528145753786646,0.0,58.10879609222967,43.84583324077755
2023-03-01,36.15126596612708,0.0,69.2165011192446,41.30292190771319
2023-03-02,30.377122839997856,0.0,58.724508796224654,43.1904002887885
2023-03-03,31.594645866992714,0.0,75.11154930247348,39.20624377378865
2023-03-04,27.954118629697103,0.0,45.48824309948441,39.25587207998113
2023-03-05,27.635511053394133,0.0,59.87911052153945,40.151440211123514
2023-03-06,35.71001002187454,0.0,47.47606555586881,40.07622714322611
2023-03-07,37.92311446254451,0.0,63.63631882624968,43.65002825286994
2023-03-08,32.24702857769184,0.0,68.868873900973,40.667923753959165
2023-03-09,36.58477153249476,0.0,55.792382063189464,43.30749556363575
2023-03-10,34.051400538773706,0.0,33.95786143372866,36.97158554856802
2023-03-11,30.057229399475485,0.0,61.98948146796494,39.23888817719332
2023-03-12,34.114768566148285,0.0,64.3673855173351,42.59959856590589
2023-03-13,38.851426555573354,0.0,64.04294754961698,45.39145684714837
2023-03-14,32.584677780695905,0.0,72.35782191822155,36.563306317874016
2023-03-15,39.01385720473179,0.0,49.28946320350951,43.2811574726452
2023-03-16,22.30219371660055,0.0,66.8021610545045,34.831222197965765
2023-03-17,36.0932589368624,0.0,71.92507512477975,40.35494963706376
2023-03-18,33.17688796122696,0.0,42.21412415993483,34.656580118379026
2023-03-19,31.654290207394066,0.0,63.19651825918977,37.87866375979921
2023-03-20,33.237545382004114,0.0,54.958201689923285,37.89951802276214
2023-03-21,24.938966049124716,0.0,59.18477326898354,35.88839576309809
2023-03-22,32.027844800008,0.0,63.476764835383364,45.61579364213381
2023-03-23,34.350819369807446,0.0,55.12771435886448,40.14919320488622
2023-03-24,38.848323390935995,0.0,53.24291920838388,43.42824574968084
2023-03-25,30.876581602342178,0.0,60.34152417488025,41.307558409159796
2023-03-26,29.727136635516914,0.0,49.12754061137197,37.95120681246455
2023-03-27,30.964061360131616,0.0,49.141748711148146,38.15549350084344
2023-03-28,36.64120345154419,0.0,66.79373282956503,41.57126763266059
2023-03-29,34.301629304179514,0.0,48.51205964841344,42.75508167833087
2023-03-30,30.873136290709667,0.0,66.66312500909211,44.71833643081218
2023-03-31,35.04931978865184,0.0,64.6259129285395,40.08452509178845
2023-04-01,33.38715270729162,0.0,42.741932712094034,36.19390571429185
2023-04-02,36.8745336608125,0.0,53.22435347664345,41.522516840980934
2023-04-03,30.19137091776428,2.753668500029754,77.44843103053323,36.952290512958086
2023-04-04,31.687082817045713,10.50052099024552,71.18938666909422,42.667647280640296
2023-04-05,31.425965965396536,0.0,55.355957376906126,38.32763005326626
2023-04-06,27.135526011798486,6.053755061459599,76.72811905543816,42.15762683657078
2023-04-07,34.16777561702916,0.0,67.83390509282596,44.89820397863657
2023-04-08,34.019747644223045,0.0,57.48461113955504,41.93194411128696
2023-04-09,32.98673807290692,8.197819341425369,70.42053673593432,44.283016150048596
2023-04-10,32.017221786466685,0.0,74.22369861698508,42.375672018550944
2023-04-11,27.281904982960047,9.40474737960399,95.0,33.453532253323935
2023-04-12,31.247159458757718,4.8036220107331875,79.39582452928433,37.592342535511385
2023-04-13,31.543774693792834,10.524899544171477,81.9029805139932,39.60006732445422
2023-04-14,29.688959381340972,7.239141340646614,66.39562546488396,43.012540980754245
2023-04-15,32.234909906497805,18.64140429973844,88.97836453391122,39.464043273747336
2023-04-16,34.47679441040346,6.2522450264790725,77.72963110561572,38.1637025223445
2023-04-17,40.38443251996244,0.70594458874747,65.59587138638177,44.53798755367792
2023-04-18,33.5156639941481,6.2229750303228375,86.46193599010996,38.93979657489559
2023-04-19,33.823790647827536,10.43298029036388,87.37046150608914,39.32976984308066
2023-04-20,32.47062132008756,5.488600703257044,55.94639838891591,44.91853476173228
2023-04-21,25.066723038864694,5.4059169120388235,81.33131000130683,33.03571532557687
2023-04-22,32.607750215155235,0.0,50.01939372685587,40.31893233662054
2023-04-23,32.92532757124126,0.0,56.16028728047648,43.67294745837251
2023-04-24,42.506588105131044,0.0,62.502002062516944,51.2965939559145
2023-04-25,31.852009751840978,22.495767431869393,95.0,37.36678677273951
2023-04-26,33.794107499631416,0.0,91.09918556005361,38.66007554324539
2023-04-27,32.41417607165011,0.0,66.06723059136183,43.13316263194998
2023-04-28,27.842066861145295,0.0,58.168033812796125,38.945603656238454
2023-04-29,37.05048771173463,13.949243769444413,93.24354402369433,40.07376902559428
2023-04-30,35.448018743894565,2.050503217079722,72.97756069289781,43.205498334075784
2023-05-01,35.564188808039866,17.47742072673734,91.74816519790276,35.115711266673735
2023-05-02,28.72098177436765,0.0,77.95211355912322,39.13420715548445
2023-05-03,37.92688788399395,7.78994162223802,77.88059083639006,43.4186757442667
2023-05-04,26.664206597580012,0.0,64.97743089091394,38.88263968341626
2023-05-05,34.573673661966396,26.451491277733883,95.0,44.0257103501957
2023-05-06,40.9414499003331,0.0,64.21586610614456,44.964030133814354
2023-05-07,28.169625693096794,8.098207102270276,84.58581920923669,36.171317736798024
2023-05-08,29.817499338818493,11.337768809320984,76.50300575317274,43.725032004116265
2023-05-09,32.43100519195529,9.137990974514983,72.69296440956965,39.9265862018155
2023-05-10,29.967011702448282,3.147123411222917,55.29270449272889,38.256528525019135
2023-05-11,25.725595551129043,3.701793002665738,71.79859831153374,37.57920656666265
2023-05-12,32.14867210605931,5.438114719791096,78.66559447470333,41.566497594327195
2023-05-13,27.570228209048295,3.529979983715114,71.63768862894909,39.22617939181247
2023-05-14,33.65770386020077,14.638791167949098,95.0,35.707480352590764
2023-05-15,28.028413117307768,27.105230015913513,95.0,35.66039243399086
2023-05-16,37.8475253905026,0.0,66.68741655592513,43.37157051764185
2023-05-17,28.45537139903486,0.0,49.08299123860686,36.889841856792714
2023-05-18,30.239671985713187,4.117179516487452,64.3633620082309,42.25591366341118
2023-05-19,34.72047500391357,30.797093376543184,95.0,41.27635835138705
2023-05-20,26.480409781649264,0.0,68.49102110743144,34.98997716124154
2023-05-21,32.25015905948419,21.391168054440676,95.0,40.39207831030787
2023-05-22,36.50435280317514,21.77700814076441,95.0,40.935014907657255
2023-05-23,24.78034062793791,0.0,44.821262533191906,37.12348691579515
2023-05-24,31.882349507108394,10.689830791852753,77.80936957563941,41.336680572192925
2023-05-25,32.115954176810334,21.28396623128538,95.0,40.389019627005226
2023-05-26,34.13541180323385,1.208722590125129,68.16949534131592,43.48776971526651
2023-05-27,25.99112341795004,2.9641963989763824,70.93505001176486,40.79742285892518
2023-05-28,25.58703488718452,0.0,60.4977368718096,38.93756608998973
2023-05-29,32.88571257451847,0.0,60.07063158628176,41.26115211162978
2023-05-30,31.914140885636,0.0,53.39678860526553,44.18129760476487
2023-05-31,31.655621642193175,0.0,66.98828420202534,43.208228225251304
2023-06-01,31.966104793067167,5.340834682592261,74.89139880907841,41.68634494498595
2023-06-02,27.786110180914918,0.0,64.92018847992799,37.32448395336638
2023-06-03,31.360378324187465,7.3378591179074775,69.41536980913915,38.95428587712957
2023-06-04,31.528087431564046,0.0,38.46657080128756,37.04278884032325
2023-06-05,27.422127795436825,8.30880232214457,87.5891317618261,36.315160173104125
2023-06-06,37.6656919663315,13.335289616089247,81.88220467209445,41.56168888033916
2023-06-07,32.02033338349492,0.0,51.372242359568794,39.566580562885335
2023-06-08,25.281565805267515,8.740565698475722,84.41592051609138,38.80890922535025
2023-06-09,32.594165817817654,17.27668992473292,90.63325345027454,40.28890616042781
2023-06-10,25.989813145110542,0.0,70.59936384046622,35.59301678495655
2023-06-11,32.95690706861865,21.725723868377035,95.0,38.428008266861134
2023-06-12,34.362443879383285,9.190190093660451,85.21607341932568,38.44709330348743
2023-06-13,26.364313137715808,0.0,46.340442887994655,34.674845313639715
2023-06-14,33.419039721656425,4.4423092234229395,81.00405830070989,39.12570779176924
2023-06-15,31.134687804113444,10.583269125217225,83.77904356277301,37.91457093681583
2023-06-16,32.689394015974045,5.760053914124115,67.8273364357862,39.8449643682954
2023-06-17,36.90549939425583,10.387559924463691,82.20900452234989,41.79439542206792
2023-06-18,28.2535584383932,0.0,42.2376476710168,34.453093479705345
2023-06-19,26.136583693723107,6.6936082403607795,77.47374459552827,31.384006371787443
2023-06-20,25.50954685869689,0.0,49.706284918179286,39.80197446198763
2023-06-21,25.72012330910613,3.8877393865129966,54.24877591459065,39.27613008455584
2023-06-22,28.590426090971395,0.0,44.77640813782109,35.497893223199924
2023-06-23,30.178642963959163,0.0,71.12688374989925,39.90158283148093
2023-06-24,29.835759181919453,17.360931752104374,88.42922956728086,35.62481815807887
2023-06-25,31.952473883407,15.91310120594269,95.0,40.9589928179195
2023-06-26,28.6103026031201,11.09138120907177,76.82474778762057,42.84391725448934
2023-06-27,34.28682005771526,0.0,42.92642042407053,39.04208157016478
2023-06-28,27.328305063215492,1.835915503051981,52.506586606617375,39.39612269160711
2023-06-29,39.18174305318744,17.130976999791834,95.0,41.65454278444075
2023-06-30,30.717780556082676,6.417169136399048,71.27535649343142,38.0720850152431
2023-07-01,24.700461975470535,28.193295399816943,95.0,34.34591378978965
2023-07-02,23.759464992198996,8.933178393943718,79.46653904641532,36.14359845975472
2023-07-03,29.8868546765293,6.920491164900316,78.85880969147607,37.95461907897258
2023-07-04,26.977056657560933,1.9088353579749864,74.99165887497458,37.24377353471298
2023-07-05,30.640890811345717,6.335409047822823,87.1558103945749,37.34002511652193
2023-07-06,29.591884111465216,3.475301636194561,63.352916814498265,40.65229858652079
2023-07-07,27.321751953205194,12.081086766885905,70.90169667295143,39.793162299695865
2023-07-08,24.140141378640386,14.567023167945841,84.99939472465891,33.40568392838979
2023-07-09,21.382316065648073,0.0,62.60280506582886,34.77768674773394
2023-07-10,25.57019930446901,0.0,50.36241073789389,33.28841326841334
2023-07-11,30.696599192694517,0.0,50.428490851049574,40.38962886592958
2023-07-12,28.042339911828233,10.079913269125438,83.59770535374973,33.09832632839607
2023-07-13,22.118211956524238,0.0,59.51347648429549,38.26898196175507
2023-07-14,27.709359254436848,0.0,60.327969954115865,41.692972412567286
2023-07-15,28.473664941716365,8.88578604530964,70.1866187436186,39.48372615270018
2023-07-16,23.313041904042407,29.929995174327907,95.0,29.443246293799398
2023-07-17,27.379789521377432,4.939290884601067,60.63625032651909,38.58845279051806
2023-07-18,26.914507410143965,13.384907744516418,95.0,34.66737615694599
2023-07-19,22.02696543268143,5.81829358547565,81.98908051818883,32.176299531392694
2023-07-20,27.94758534502568,4.0111034680885735,49.56032831379621,36.25653189446445
2023-07-21,28.677602900793804,14.190764829877686,79.08642105783127,42.000984119545116
2023-07-22,30.68516256157846,2.0972545581134865,49.22921656532618,39.728004374269304
2023-07-23,30.487146644785952,7.67392314071903,68.84760693736908,39.392316020234865
2023-07-24,20.6807538745228,8.216978061960136,75.59957642601667,31.846961119063213
2023-07-25,22.360160014319685,0.0,45.5035478030147,32.626754932543236
2023-07-26,28.092189685552306,14.920423495365227,80.62224885947732,37.986773861716344
2023-07-27,28.00836400957073,3.2504024330459136,56.46123114527684,39.613866851871954
2023-07-28,27.935189045376422,0.0,62.07267329398944,38.31149575635078
2023-07-29,41.20833204086641,10.365098435704034,81.42364024177057,45.37894696637322
2023-07-30,28.004028575230375,0.0,52.78262446662747,41.428847261061144
2023-07-31,30.186465022353076,5.281811573691282,72.33183186877655,41.78604933967888
2023-08-01,29.384643518429364,4.908810033557964,64.35081922124327,40.95718959215758
2023-08-02,28.099355937994314,15.85895565831578,89.00136021337103,36.46900055004794
2023-08-03,24.158611066359356,9.746982328799529,95.0,32.34065749769989
2023-08-04,28.382226641163406,4.749730412548561,82.9040713430006,39.44655391814073
2023-08-05,22.182496949146458,13.17766299200287,73.35951361472976,35.48248515892496
2023-08-06,24.254779260989082,18.902075490173132,95.0,34.10804259751182
2023-08-07,23.189684469161964,10.578103063518622,89.27017167195316,33.90101401030438
2023-08-08,25.38857029608293,5.103526198433806,58.72441950934143,36.94595328413007
2023-08-09,34.25051395056942,0.0,68.1877764375486,39.74277059200679
2023-08-10,17.45451622981637,0.0,75.37931918412554,33.29734328531841
2023-08-11,27.60122668851888,1.9477529564533236,52.67005785046251,37.40739226628651
2023-08-12,18.338862949058576,0.0,50.824971789857365,33.3349067713739
2023-08-13,22.83649075079684,3.13028697014554,76.4371886087261,34.37663573778942
2023-08-14,29.0154830668018,5.566499248971072,73.84795160619862,41.73644373468438
2023-08-15,24.85325302899677,10.296927543567307,86.10861783952984,33.48104813852546
2023-08-16,20.222614753847893,4.295012219409088,71.99591660282314,38.56570584633601
2023-08-17,21.610867112424238,9.86501643826202,83.63699208580547,30.569263763220704
2023-08-18,27.130006427358893,5.644744148101203,58.02476701309158,39.60397116022166
2023-08-19,21.430745702699017,0.0,70.47317706621448,36.57159880315986
2023-08-20,25.15972430408492,0.0,71.69589992427774,35.649568031305144
2023-08-21,24.418953221955213,3.5591244427838453,64.82434144488741,39.37904521995549
2023-08-22,21.57415554562402,0.0,59.56523050186138,38.259161212704605
2023-08-23,32.7013561504661,10.999287299962045,66.68749957436687,38.67946921164775
2023-08-24,26.607426813878476,20.307508323436974,95.0,36.339953854264564
2023-08-25,15.918515334456497,17.187618516973167,95.0,24.69147787826541
2023-08-26,24.713417527472988,2.86557129069792,65.10923241140273,36.690089803479324
2023-08-27,21.270163883696867,19.90726136849952,95.0,35.88414080850028
2023-08-28,27.27796234556535,6.486674572021116,69.63257683424283,38.19756919635212
2023-08-29,20.650289649176017,1.6291402888196065,68.90433983657522,33.35943095733698
2023-08-30,23.31480894736709,0.0,49.80335661307885,34.22220033832995
2023-08-31,25.748338267172695,1.9753031351187165,63.71508476149505,42.95052907572433
2023-09-01,27.14731013643093,1.1182318145877126,60.49292105014707,35.120697965291605
2023-09-02,18.840282778230286,6.704162223754877,75.66140366791917,31.855657054628107
2023-09-03,22.26193403676853,6.605739810498646,69.5162103326637,39.88316229926065
2023-09-04,21.65993214220871,5.030460201534145,68.74619444635161,40.2991778890629
2023-09-05,20.90748661603061,9.3693816974635,86.99923510934207,32.78397200731268
2023-09-06,30.545037949500966,16.906462747863415,89.44528312334465,35.596003219814605
2023-09-07,25.06690369337274,14.495541354413238,72.92531170143968,42.58963064545808
2023-09-08,18.368546052362852,0.0,77.4958390420542,35.873990001268986
2023-09-09,27.049994177253637,0.0,73.81454078690487,39.11998290677031
2023-09-10,31.835005132860633,14.343199112392737,75.76377127372929,39.574263525048885
2023-09-11,27.44545431072743,0.0,66.89707805245195,39.24525286319725
2023-09-12,17.208714419231846,2.7523459810731645,60.4749442566329,33.653860496960164
2023-09-13,21.321255808474138,0.0,62.634872153310596,36.849304944130346
2023-09-14,28.299239613594263,0.0,62.94224129013494,42.64007094108679
2023-09-15,20.375733052588394,10.414627282047881,78.48517656093254,36.291128024587294
2023-09-16,24.95792496976417,12.591551603026469,77.34544655018897,35.11427618117742
2023-09-17,26.258847298597026,0.0,53.094589476837406,39.50133444470507
2023-09-18,19.431687130542365,0.0,50.83808084518758,33.50972401433501
2023-09-19,22.881845822590957,0.0,51.681777917695555,36.151410086552424
2023-09-20,10.136862181496259,8.918040054025465,77.16429720755738,32.460457373196405
2023-09-21,18.987816674762932,0.0,52.842400108892484,30.839227860132866
2023-09-22,22.05998664460821,6.833599197791557,80.48771905270931,34.54415827412848
2023-09-23,18.065479320978902,4.846901508270045,84.56626456989936,30.54126779461816
2023-09-24,29.574074895759267,10.792914996010884,75.78529757832133,36.57355058108555
2023-09-25,17.3131502418204,6.1958036841415325,74.78565237363684,34.01244496980683
2023-09-26,21.26429549770858,0.0,64.99685110302934,41.65463107262901
2023-09-27,23.539667800373515,16.965715016644914,95.0,29.786249912839743
2023-09-28,28.775507351937502,3.4147042697303,67.58896121862148,40.14687063711855
2023-09-29,17.262152817357077,4.726954604900682,76.88073339339859,34.00871106063843
2023-09-30,27.65492360518305,0.0,64.82248952680658,40.038116111265204
2023-10-01,23.04134895080466,0.567177488084897,48.75773075289682,34.1026822697587
2023-10-02,19.074011697127244,0.0,68.69156064389273,32.200260992893426
2023-10-03,24.849571387153627,0.0,68.87290837266742,38.115777504923656
2023-10-04,23.799988726095464,0.0,52.367138958214184,33.859894200658715
2023-10-05,20.606955385587,0.0,60.37937835447602,30.999509953731593
2023-10-06,23.292583474419295,0.0,66.83328992811069,39.66881819261497
2023-10-07,21.479150631817063,0.0,57.906861804206386,37.237719316433896
2023-10-08,23.48297984653523,0.0,70.72978047766011,36.69885578143775
2023-10-09,25.687411650994523,0.0,83.6387249461936,35.57411021266994
2023-10-10,29.394404789144644,0.0,52.140139673650175,40.27386635473348
2023-10-11,18.11199079272267,0.0,46.18955396846225,31.74258550360995
2023-10-12,31.609764414864603,0.0,63.03818595604876,43.22055450816468
2023-10-13,15.285116450551943,0.0,67.21562505126144,32.60446881327598
2023-10-14,22.503617912329382,0.0,57.69133626155231,38.41404368562305
2023-10-15,25.482766550076207,0.0,74.53260663321035,37.4764334002614
2023-10-16,24.273647861682594,0.0,46.613942002767516,34.84771621860655
2023-10-17,20.680502232443352,0.0,66.9291862303161,33.414291692734395
2023-10-18,22.361862079209395,0.0,53.94139179241107,35.543121106690336
2023-10-19,21.246822128405142,0.0,77.19377906207296,32.52074541679908
2023-10-20,20.887258390747384,0.0,79.92515353168119,32.18203303598046
2023-10-21,26.670426450948387,0.0,52.33343412216652,35.17114879327525
2023-10-22,24.728781654150712,0.0,54.5044286409142,34.13280669145975
2023-10-23,20.559175474842753,0.0,68.59587886979801,39.8099547694957
2023-10-24,26.96069108383702,0.0,56.12869350210485,40.36876236631628
2023-10-25,24.624341644923263,0.0,59.54588782067762,41.06208339088568
2023-10-26,26.68080853442917,0.0,60.2538842054241,35.94539106918827
2023-10-27,25.98344630368127,0.0,40.80326843802344,34.2948843392671
2023-10-28,20.18586560805049,0.0,59.86162253905763,32.47824206142858
2023-10-29,21.29936910691438,0.0,53.10272225935826,32.87883925093472
2023-10-30,26.568836870776227,0.0,55.06877177600228,35.46191882375542
2023-10-31,26.062022536012645,0.0,74.43632003468814,39.62291527395182
2023-11-01,23.579111850495423,0.0,47.434931057207436,33.48408278048568
2023-11-02,24.175489741856108,0.0,68.13205186747977,39.59809316482013
2023-11-03,28.861574125516057,0.0,57.21037069668191,40.08110298127145
2023-11-04,21.430622416484287,0.0,57.202398315041656,39.76306837546005
2023-11-05,26.032536392851107,0.0,67.90371896051711,35.47663595804269
2023-11-06,23.08384662375235,0.0,63.4005129456889,39.740492380587554
2023-11-07,23.07157989205431,0.0,65.70612997219531,39.687445692389545
2023-11-08,28.38830196707537,0.0,69.68184660532862,37.31102398641789
2023-11-09,27.346937112168234,0.0,56.686916168166775,40.02511846266379
2023-11-10,27.352559288648674,0.0,53.87763265492249,38.124096101361296
2023-11-11,29.374841094197627,0.0,49.148494734422016,37.0621669740764
2023-11-12,24.29248632413822,0.0,51.74589470021045,33.8475511281672
2023-11-13,26.992951446697074,0.0,89.49094425308725,33.16006796983272
2023-11-14,23.08184785880625,0.0,72.44679580736786,40.1511889595014
2023-11-15,25.678445218474202,0.0,46.489256337919784,35.13843951473602
2023-11-16,23.921144671120384,0.0,46.7754204325643,35.879916425135974
2023-11-17,24.890692224712634,0.0,64.81866061718492,36.827279472458194
2023-11-18,26.945364265629316,0.0,65.47264797377967,37.818446645615445
2023-11-19,21.35489917290138,0.0,65.48883835317365,38.743651534315845
2023-11-20,33.06137601153045,0.0,57.45044206446302,38.321623995554766
2023-11-21,20.73278266882628,0.0,58.745457399970995,34.28505527859679
2023-11-22,19.966084044398187,0.0,63.27879524159357,35.70685589266227
2023-11-23,29.52220975179593,0.0,60.858930062933304,40.15563609216473
2023-11-24,28.12426642527611,0.0,37.80699627252465,34.26534589711068
2023-11-25,27.5228458334048,0.0,57.70200369424806,39.09346321774386
2023-11-26,27.609380669788113,0.0,51.485935657396865,38.48758897800905
2023-11-27,25.117504127156753,0.0,61.75211418908512,39.37844999231405
2023-11-28,21.648805948218573,0.0,89.85259002603411,29.882277351566817
2023-11-29,25.613192375083408,0.0,63.67481665474304,37.97324932263272
2023-11-30,22.6742751171238,0.0,56.86470313827602,38.09960390997098
2023-12-01,29.35712421441048,0.0,69.21801501977252,41.62425347839848
2023-12-02,24.94289272319156,0.0,64.82687887209212,35.69110323305208
2023-12-03,22.30434201225101,0.0,64.20094490451841,37.695319787733595
2023-12-04,24.396705278873767,0.0,66.06850593215671,34.02820095425592
2023-12-05,27.41057910840044,0.0,80.56543564829542,36.68607222866187
2023-12-06,23.581223826031945,0.0,48.69111564674084,38.3243690758561
2023-12-07,22.625150404672688,0.0,64.73632076811454,35.36405392142129
2023-12-08,26.96730889993778,0.0,50.73618870018461,34.96224609902264
2023-12-09,27.051549253216855,0.0,65.55512646342248,40.942808897069646
2023-12-10,24.12360458406211,0.0,50.81313488513906,32.138826238639574
2023-12-11,24.34746616664485,0.0,55.82633186394916,35.073489396342175
2023-12-12,27.240585251459976,0.0,57.049100857620935,39.22299507241768
2023-12-13,20.601314325548877,0.0,69.7581671934471,34.08045202870622
2023-12-14,20.84553877921233,0.0,69.18454443942414,35.11392052729939
2023-12-15,23.68381095058721,0.0,47.542826235536154,35.838842143030895
2023-12-16,25.786420605482082,0.0,60.54934110999849,38.84617069181386
2023-12-17,27.966863786811082,0.0,52.904201452508275,38.097908976498
2023-12-18,32.70806103776845,0.0,47.414950893246655,38.15877613899348
2023-12-19,30.32103092778725,0.0,57.82982949575629,40.466603593582796
2023-12-20,26.33472338080319,0.0,56.915172115441806,37.30293075329044
2023-12-21,26.98280161917302,0.0,84.26716486345522,36.55357905674703
2023-12-22,23.133416820541374,0.0,64.32959825360696,36.438764010756124
2023-12-23,27.15440335270903,0.0,46.22382499245763,35.456828726086954
2023-12-24,26.15897158375312,0.0,54.352259958290574,34.97002219843065
2023-12-25,28.689834016855592,0.0,70.21383295429399,39.23213519755653
2023-12-26,24.175567738553532,0.0,80.88442772869925,33.28889659627922
2023-12-27,29.647562063277455,0.0,44.140166877620416,34.42372150683883
2023-12-28,33.78694351799871,0.0,41.20075614860955,38.65094528443204
2023-12-29,27.3068610700563,0.0,78.70965175371782,37.336979735999904
2023-12-30,29.434738830282033,0.0,63.89614177370904,42.06234523977997
2023-12-31,30.674509186065272,0.0,51.31707268123634,37.73841799012971
2024-01-01,26.395118112456654,0.0,65.34629086122435,39.94440657765697
2024-01-02,28.98243670802084,0.0,33.64252260983122,35.32131802052399
2024-01-03,28.222477661240905,0.0,60.03375506597161,40.007537459477966
2024-01-04,28.64880273031159,0.0,63.278211728430854,38.32873634523768
2024-01-05,25.25197299858973,0.0,69.2427013953783,38.07617318476158
2024-01-06,28.527864690723003,0.0,49.861040477074624,37.96442103288575
2024-01-07,30.50750165221897,0.0,60.856871614033594,40.439482082732084
2024-01-08,34.40561465567693,0.0,50.74575373940412,36.17900275897712
2024-01-09,32.52347716490714,0.0,62.55383755674317,42.093485341749165
2024-01-10,37.38427393336763,0.0,51.04653677636976,46.32650640075225
2024-01-11,25.787075469355187,0.0,55.918991608397796,36.35725751884319
2024-01-12,32.43041609609893,0.0,50.04184605209771,37.76742306275836
2024-01-13,29.7588905222965,0.0,66.51136241823657,41.32386989692373
2024-01-14,37.86881929789151,0.0,68.58451116656666,44.84226383656557
2024-01-15,25.96017068860914,0.0,57.653794300425865,39.89631453522257
2024-01-16,25.917879106857832,0.0,60.382379949600285,35.5196792315312
2024-01-17,26.962220205894436,0.0,45.51408585366456,37.04668777883012
2024-01-18,20.946829267163814,0.0,57.00323351993213,36.05490546007126
2024-01-19,27.421586036558395,0.0,59.49795382958255,38.32609071031461
2024-01-20,26.569817662247026,0.0,86.20793091029975,35.72069728490695
2024-01-21,30.289189643875396,0.0,48.88032974225837,39.97957573358609
2024-01-22,31.135404513990494,0.0,74.64177238752437,41.38397853954727
2024-01-23,37.35330607131691,0.0,69.96858773465809,41.396896864579375
2024-01-24,33.73001238396223,0.0,62.806364044901365,44.06659537447236
2024-01-25,27.69982532338025,0.0,77.58620484195134,37.20329448323482
2024-01-26,26.49230932766815,0.0,63.72105472606863,39.13611380507883
2024-01-27,32.13155464877818,0.0,63.891591956679285,41.990489697728336
2024-01-28,24.96021388061948,0.0,59.46879346982455,37.07337965667813
2024-01-29,37.643586417931665,0.0,72.23568882418627,45.758070438342706
2024-01-30,35.11142968346409,0.0,70.96469233810883,42.19534045441185
2024-01-31,28.592175142381066,0.0,53.743227125037876,35.805640739431766
2024-02-01,23.69081660289701,0.0,46.80752805401232,33.41985420031151
2024-02-02,36.0325675334894,0.0,57.97019362604343,42.967711925574335
2024-02-03,30.231866476681024,0.0,51.999614356023535,40.97428567813932
2024-02-04,35.71344181373194,0.0,59.36475425384645,43.93586112753293
2024-02-05,24.45579814627812,0.0,72.37438134684139,35.051952246276684
2024-02-06,28.50650127545391,0.0,55.4269834491321,43.30902716091116
2024-02-07,30.994608233676548,0.0,59.571766186884254,40.941207976171086
2024-02-08,31.230306725634595,0.0,60.58022734808395,43.28198030843212
2024-02-09,29.309971856287362,0.0,68.48430882205284,39.65469529657865
2024-02-10,33.66856123384088,0.0,37.53110666015395,38.407220438362124
2024-02-11,26.972666087644527,0.0,53.932997052347034,38.95186946332848
2024-02-12,30.738655151126217,0.0,62.11283692279473,43.228284383630566
2024-02-13,31.85340062101232,0.0,72.00078956426862,42.641279008408894
2024-02-14,33.49301917235333,0.0,55.08097552493795,42.507098691310205
2024-02-15,34.343751147613794,0.0,41.23447293958126,37.78859669933494
2024-02-16,27.05971474405739,0.0,66.19711445966136,38.1469423961843
2024-02-17,25.48176350853707,0.0,53.646376111743706,37.13537199726567
2024-02-18,36.78779240241396,0.0,48.103333409096386,42.880819027708405
2024-02-19,33.06411648640114,0.0,53.75654610286776,39.83792606222091
2024-02-20,28.797582896166595,0.0,58.1547464234415,41.160084664200376
2024-02-21,38.051682036509774,0.0,53.952553354617876,45.72158518015082
2024-02-22,32.36417779252531,0.0,37.944339429009304,34.938314943917675
2024-02-23,36.67191702003919,0.0,68.97066196887133,41.86798470865277
2024-02-24,32.27687936651382,0.0,72.74875041278722,40.307939482888784
2024-02-25,40.30068699456475,0.0,66.51521991339506,46.46252485098176
2024-02-26,39.12874613628488,0.0,48.62314329575183,41.23986769975871
2024-02-27,31.159996537912743,0.0,57.98508466052482,42.881420558795625
2024-02-28,36.089375831989805,0.0,59.93478684770542,43.87977900857288
2024-02-29,34.830589255978225,0.0,65.9879438956191,43.29659994534677
2024-03-01,37.76834602150841,0.0,66.68340488718081,41.67567298558099
2024-03-02,28.477587931327562,0.0,52.65826201221504,35.13881473525178
2024-03-03,35.12366436571497,0.0,60.819955564135604,43.287841796248216
2024-03-04,36.65403549711517,0.0,64.57280404615241,39.97638730547839
2024-03-05,25.424948786605285,0.0,74.55822322146767,38.826104568297254
2024-03-06,27.765120297598116,0.0,67.04506539824723,39.15723938040497
2024-03-07,24.37814035297278,0.0,67.89056687375519,44.09714274092482
2024-03-08,31.493012603148436,0.0,60.838266279293606,45.52999205866516
2024-03-09,35.47502546176702,0.0,74.10459145203504,41.55369630198147
2024-03-10,38.647136626280094,0.0,64.09762795959497,44.93041989999641
2024-03-11,32.96556526579373,0.0,51.389120898264295,41.751769840553784
2024-03-12,39.21374247199464,0.0,74.0336997012519,47.20647651558301
2024-03-13,27.207576104276146,0.0,66.97903272539028,35.931923392187976
2024-03-14,25.94175282405515,0.0,55.569559788715175,33.51203743906124
2024-03-15,32.55898333737305,0.0,55.205070326007565,39.07643612277928
2024-03-16,34.341910715118736,0.0,62.96575545140762,43.92958161418861
2024-03-17,32.697920695897906,0.0,64.63184795267584,43.269077119499315
2024-03-18,24.58055120909803,0.0,61.972922656312065,39.82440304577913
2024-03-19,32.51402211781095,0.0,63.11308673442885,39.480233349060626
2024-03-20,27.671363705508874,0.0,76.9995737457638,32.803479377663926
2024-03-21,35.5852225466782,0.0,70.71543152234887,44.36555335947362
2024-03-22,34.388762068147855,0.0,61.90635591265024,40.91925967067351
2024-03-23,29.177228066660508,0.0,69.41310580767484,35.669017143018
2024-03-24,30.894194806089992,0.0,49.674760964724605,38.67217708790867
2024-03-25,28.724256959533854,0.0,63.979270499468086,41.7443339560979
2024-03-26,32.720373145377074,0.0,78.0930634973311,39.49745960897976
2024-03-27,36.80016426274085,0.0,57.81954104607626,42.04829356822069
2024-03-28,29.043720680198604,0.0,51.52366071380915,37.50786801856932
2024-03-29,35.0083631678492,0.0,53.4791111140694,40.45883828193691
2024-03-30,30.875219582708652,0.0,49.10366962657612,35.56224949278921
2024-03-31,29.827351180850076,0.0,52.15238091872297,36.914790420188766
2024-04-01,32.57183225886272,0.0,56.29491901409971,41.587459742278924
2024-04-02,28.858614003596195,0.0,45.94432980821358,37.26153004619381
2024-04-03,30.78313418204806,0.0,60.15618333949603,40.75892337085688
2024-04-04,28.202887007569775,2.7352110809847323,74.49319389983594,36.48602886820941
2024-04-05,40.84848633599252,8.67365506816178,68.26974833485436,46.27465268357023
2024-04-06,33.124348716657764,14.135846262332494,95.0,33.62162889167642
2024-04-07,30.176624523533146,0.0,65.10792088527595,41.42368141248217
2024-04-08,33.822203889273965,19.926885689595217,95.0,41.76150592922364
2024-04-09,32.506258121203956,2.288763989574312,57.99918244062726,38.133577683600656
2024-04-10,32.05950955302881,4.786327056515638,78.11790638369743,38.712950858790975
2024-04-11,35.38640754999285,0.0,49.08066099604687,41.167549531626065
2024-04-12,35.94466360008913,0.0,68.90247500836509,45.697522067226515
2024-04-13,30.77606386778534,13.840453963610496,89.3993013251563,36.995767832622164
2024-04-14,30.57677979058312,12.368438970924334,90.2693901416965,36.086855105512896
2024-04-15,31.76038419453873,2.186724428817866,52.61750280138721,35.68451881559643
2024-04-16,23.63200425617798,5.6699071722487195,62.389115921731396,38.06769228827635
2024-04-17,26.756588494026538,10.159392177040996,86.29106653661583,40.220172237681695
2024-04-18,38.26108615471458,0.0,50.51651995775799,42.78856399283824
2024-04-19,39.34827583715737,0.0,64.63206292099123,45.5559925444095
2024-04-20,31.745663741835347,12.942646796218272,72.21391552783409,42.368478066506654
2024-04-21,35.02003356917517,0.0,68.48174212666669,42.79148435135704
2024-04-22,33.929407349651306,7.935579321666292,63.545925495647495,41.84141796160152
2024-04-23,44.969142889010854,0.0,65.52299937679523,50.026531400501796
2024-04-24,37.09975325670377,9.664299824335263,85.58490898513054,41.85084785998281
2024-04-25,32.0762477643739,4.643585177025164,62.319452169754584,42.001599337707695
2024-04-26,28.73086138806938,0.0,65.82026567084726,38.25064550530874
2024-04-27,26.090993730593134,16.647393544571713,95.0,37.31725208362326
2024-04-28,33.29305099714344,0.0,54.61158143807262,41.89824727685246
2024-04-29,29.414883632010252,0.0,49.91445315923792,36.584490773118105
2024-04-30,26.71104618147698,7.005691972309428,54.38512702789306,39.93676740091192
2024-05-01,29.772240056576507,16.48637349428715,95.0,35.539615700946555
2024-05-02,27.98951862579198,0.0,44.35197228637945,34.30114678514981
2024-05-03,39.02017738903939,5.616798498479716,72.18703899137252,43.11495451113258
2024-05-04,35.75280431456312,9.288165003305728,75.94184784578897,39.07471198227815
2024-05-05,32.14773683182672,11.93105607263144,90.65353989964484,39.079350804083944
2024-05-06,38.05154754917965,6.764415552772252,70.50837611064586,40.93825035106117
2024-05-07,32.392163487820056,1.3297216091667767,59.36496535486263,38.745159313267706
2024-05-08,28.58726292629167,0.0,67.31870704288295,35.67871403641218
2024-05-09,38.073410627991706,5.861438830463747,75.07345795176866,43.43601822110671
2024-05-10,34.08388945013221,0.0,63.16155957182778,42.37361571888792
2024-05-11,27.725435589529383,0.0,64.69267589808527,39.14786054800902
2024-05-12,31.058088351618284,9.365598041576678,63.375474851082295,40.05554356084211
2024-05-13,28.260861124121014,14.039348410861953,95.0,33.18989789627343
2024-05-14,26.174911130385635,0.0,66.12468794013603,39.79125770425876
2024-05-15,35.352497960559006,0.0,49.83316871423503,39.54177885970954
2024-05-16,39.22605113026033,11.191542610051979,79.94228048336194,44.37644037253527
2024-05-17,25.933647755259326,25.574954697116986,95.0,33.75382197509292
2024-05-18,33.71828308119718,5.207937076754079,69.07090630949084,42.92787947191799
2024-05-19,28.801296770897775,0.0,63.338599665685344,42.67492439321809
2024-05-20,29.391817786008886,3.1710355889515984,80.65573899621504,39.054196253442164
2024-05-21,28.906206089089956,18.748764191481847,95.0,35.5031518272602
2024-05-22,27.75431048746356,0.0,46.87780806568594,36.76711479758082
2024-05-23,31.337900584758483,0.0,66.22069990306049,40.94347996270672
2024-05-24,27.75262253417249,0.17256477817967575,73.63446275171344,38.182435563950975
2024-05-25,32.08994761924397,0.0,63.868085206892026,41.16736874670339
2024-05-26,30.73797382366582,6.226703159947955,83.36321057175557,37.99034470170581
2024-05-27,29.913069152055986,21.246784584695607,95.0,37.5053997406459
2024-05-28,27.167691663884497,8.23079273116029,86.6986809233904,34.080471521216296
2024-05-29,28.419116870429924,2.4764649787371242,67.44601591389154,37.9362440963304
2024-05-30,33.67521514411269,2.081887310844559,74.61465936253664,38.34577932297105
2024-05-31,32.58398070557679,0.0,61.44887833096891,38.381223809974756
2024-06-01,26.595988088034673,13.83109777147159,87.90122597579273,33.66629324156499
2024-06-02,30.828692757260356,4.2216280298719795,64.92911370260663,42.14125693574696
2024-06-03,33.36134603185648,3.1952008640937435,82.02453531650856,37.80971100805213
2024-06-04,23.601912343056814,36.93107567844861,95.0,36.52129266783546
2024-06-05,32.37603469127222,7.987529083656862,91.29873541409488,37.796450668687946
2024-06-06,27.474506664064386,0.0,64.99864123740372,35.79997315263684
2024-06-07,32.32917446845075,0.736424037944567,47.47978632786972,40.04413807203716
2024-06-08,26.914914757112264,16.48445709196755,95.0,36.727500378936305
2024-06-09,22.66901142336175,6.132704105377645,51.26514313423905,33.21307939939674
2024-06-10,23.298398902116194,0.0,66.25508016831036,38.23856650318601
2024-06-11,29.920401349999196,14.192289345752036,95.0,34.6664331347564
2024-06-12,30.685932418008584,0.0,54.07644044347946,39.353595051196855
2024-06-13,25.9482687042615,23.732977762175455,95.0,32.81843531443836
2024-06-14,32.03793393147696,15.800480657146485,95.0,34.012802126383974
2024-06-15,22.75507312692024,0.5267810434124884,55.99609504420561,34.86379929741655
2024-06-16,29.054008269050776,17.81016361735113,85.03125136413625,38.05431233088357
2024-06-17,24.39104610335486,5.678555105274033,86.17374423517406,33.733270327940815
2024-06-18,26.544183919944423,13.527736751222195,95.0,32.25680451864932
2024-06-19,29.257199262464642,9.847328172944747,79.73161306436796,37.86721171139092
2024-06-20,25.541710987832076,0.0,70.11463035408356,38.2865189282608
2024-06-21,27.36061075170851,0.0,73.41475915530881,37.907567484547414
2024-06-22,32.83920630155035,15.299608175811612,83.17437402623938,40.679691224306886
2024-06-23,26.421428506506786,1.652246678934591,58.4514350041905,36.725995521076484
2024-06-24,31.98650933552348,0.9635153675800332,74.23577586670743,42.58588686061057
2024-06-25,24.039467616978,0.0,76.85014278708509,33.29735857796243
2024-06-26,30.591900460747134,9.23599065593461,84.10078991361277,39.37451190741791
2024-06-27,34.153206878798926,25.62524919243145,95.0,42.00291054456253
2024-06-28,18.41448838631981,0.0,79.87061111699441,33.19493815525882
2024-06-29,25.027530143140748,5.242194566727581,65.17468015533552,38.59800004304637
2024-06-30,30.43738070985783,19.12220555415429,94.89303329659407,36.09571015769958
2024-07-01,27.23085344027147,4.203586087542849,71.83055051998191,40.74185052698615
2024-07-02,29.441548509041798,9.52371796249734,94.58904013214243,32.9093881738188
2024-07-03,25.45496705200106,0.0,68.53975976552223,36.07928305213679
2024-07-04,28.131247984868956,9.283070972076485,82.71479694777207,36.655856169104275
2024-07-05,27.076224671602716,3.1285573499545123,70.89000000109009,41.14827558560279
2024-07-06,32.28419585047192,14.857299956798629,90.14974660003192,39.35741387299123
2024-07-07,28.544999624118866,16.87386051564751,95.0,34.023794346603694
2024-07-08,28.79211561269234,30.89563642018614,95.0,36.86500603759497
2024-07-09,25.70875124824723,10.796331732135757,78.62658887357352,35.980044734429896
2024-07-10,25.32057911911066,8.257963165821664,78.92914568081113,35.2806787555082
2024-07-11,25.455732184028935,6.943843015773361,62.37754519535165,40.855538549775694
2024-07-12,28.67897564088538,1.4683370718931164,66.79990732190183,37.38285380472462
2024-07-13,25.332697627751074,8.384838434616912,74.7249646593726,40.77740143693145
2024-07-14,28.09149485038668,2.0459858986097057,81.64672878037432,38.577459639348696
2024-07-15,35.1500748434287,6.684609762696143,89.09941677754085,41.60533838368318
2024-07-16,30.249387911322096,18.175975356079597,91.69389502097756,36.67763346302297
2024-07-17,25.377578407688606,0.0,58.49162288433305,37.087232342552696
2024-07-18,31.4037023126597,16.398785611290453,92.05809556649697,35.063806975110076
2024-07-19,24.884134411546345,18.171150673398653,91.82570658520109,33.84471614193921
2024-07-20,18.28196665460946,3.8193147300892125,69.5888793004597,35.59244863550801
2024-07-21,22.32061234520773,0.0,52.4171793111241,37.23586815839148
2024-07-22,18.788770752542916,0.0,48.693846650624735,29.9188410727915
2024-07-23,24.785377410185934,17.96994546561109,95.0,33.458671377683544
2024-07-24,26.18513369073839,4.771319377011179,75.83793459624047,37.099513423357166
2024-07-25,32.7377978658188,0.0,51.956842403400074,36.96868900920445
2024-07-26,27.260929700978547,0.0,68.95355430762599,40.02245247248088
2024-07-27,24.99859618491678,13.40620026504553,80.49662323843775,35.29261280779017
2024-07-28,29.115028402981483,10.467335682013793,83.46632374440739,37.5202023184566
2024-07-29,16.87592529642617,2.6106790083030567,73.42479814273068,32.1101721766735
2024-07-30,26.58666069406495,1.3317558818531245,62.32738611666912,37.31330614711226
2024-07-31,28.652097240004416,1.0824185095617809,66.71224614053492,40.07775127189029
2024-08-01,19.57944594965176,0.0,54.835703561124284,33.32564452991469
2024-08-02,29.99470421774846,21.153756894694418,95.0,36.36901203378634
2024-08-03,26.700335389167996,1.776795307886601,61.494996306969796,37.369923243405935
2024-08-04,23.612646151693543,17.171585208254964,86.87738695110754,35.78705354801667
2024-08-05,27.73318115237426,20.213160519224513,95.0,39.19514116509416
2024-08-06,34.213910091695965,14.983108981479603,74.48003497432174,42.989033414809846
2024-08-07,25.78853875877162,0.6837968728195163,56.456056274217985,39.24609675133362
2024-08-08,25.984762029076734,9.037300903366095,75.22584687303548,35.07049787996095
2024-08-09,23.08613340202239,4.758043936090838,66.95429034722787,37.943535903762246
2024-08-10,21.45680844916166,0.0,57.58502554129221,33.05067269489714
2024-08-11,28.111069699994168,8.24359281721603,75.86954363583078,35.752135549488735
2024-08-12,21.29988291031911,0.0,64.79441518086064,35.13008167641361
2024-08-13,24.94594562780991,16.876793884615637,95.0,36.54445087119366
2024-08-14,22.685503165554458,0.3538270270160693,54.21000178554947,37.120166299928016
2024-08-15,26.449513168550684,7.011596558728392,61.99118456356534,39.81016259697005
2024-08-16,25.80673037061191,7.832878715461422,65.24531330849182,36.57218927537387
2024-08-17,28.561775208651788,2.4109502629592265,59.94987131396918,39.11939559063978
2024-08-18,22.31214663414858,10.866938014752748,78.2146628513404,36.20323456608496
2024-08-19,23.21439020458354,0.2509634337747553,52.80196620557494,35.54375714594143
2024-08-20,20.321610999210733,13.712972974572441,74.46477930664594,31.951559768771936
2024-08-21,22.40338389574284,0.0,55.43879172525812,33.508814596883305
2024-08-22,25.634781765344208,6.263795795464118,74.34185779206796,37.44724337550748
2024-08-23,27.09970519118784,24.389289990582846,95.0,37.061363413686585
2024-08-24,20.33042438437642,0.0,54.42576946891679,29.658110443771676
2024-08-25,27.44602394881792,0.0,55.87002177856566,37.572768379162376
2024-08-26,29.339861177990226,10.13907849658915,71.01117390470519,40.76770119747089
2024-08-27,25.521968619275256,6.79581781939598,73.2772439350442,39.48434128160081
2024-08-28,31.327555853139085,8.506300992735593,68.52831564356305,43.19446006560537
2024-08-29,20.678597916820394,9.891871301476634,85.51502073536527,34.39062457910242
2024-08-30,18.7497703380052,11.347214685617699,64.83576445189429,34.87687851453936
2024-08-31,16.56940836413333,16.096998419562233,88.59770011459985,27.3588597268563
2024-09-01,29.625645652410125,9.098186569285126,81.20744653048767,37.69504666291324
2024-09-02,26.217401605548556,2.5874234538145755,67.01319207085419,40.96806838440202
2024-09-03,23.337374703210717,11.725737012027313,95.0,35.628170107856945
2024-09-04,24.640678051604738,23.998819348952157,95.0,36.141319165293154
2024-09-05,18.981264799183073,3.6736625361742643,57.30677910392842,35.17803611959811
2024-09-06,33.22998476799623,0.0,59.04535752910927,42.1833431865919
2024-09-07,23.928966597603942,16.070806692869727,74.37915005107493,36.5834964643524
2024-09-08,23.816125567454108,3.7961883604640176,66.78637922796042,37.670285187074136
2024-09-09,26.24944684040487,0.0,51.669439429992416,39.79675035785358
2024-09-10,25.239630195469697,13.474216771504215,95.0,32.08212076330152
2024-09-11,24.181730380164424,0.0,54.504597254044654,39.221342222310845
2024-09-12,20.096294278157895,4.094667176958392,67.02167519596432,35.40922250859781
2024-09-13,25.117468445391758,8.319803305690145,70.28402819733626,40.9847731319878
2024-09-14,30.734508900963654,6.904996797790664,91.19850711411465,34.00442268844288
2024-09-15,28.56432744179917,12.094518171390394,80.97660868160168,39.46810220404758
2024-09-16,29.53305759143727,0.6451362943015662,79.61584302339514,36.43433354857452
2024-09-17,21.094546311129953,10.131057981760828,88.40363358470431,30.04911785295183
2024-09-18,19.161527965803835,2.404533224160828,69.62973372167552,35.332338645804775
2024-09-19,22.59878386137396,12.388104808875031,88.46354109092526,35.86443777058137
2024-09-20,23.30826688925487,11.153674840130535,86.24532266242358,32.83055351896878
2024-09-21,27.447025324064644,0.0,40.7232742065439,31.870135582424297
2024-09-22,16.286753529979023,15.859821161750322,88.93080838199307,30.75950767609602
2024-09-23,29.16263095787518,0.0,68.45157971184321,39.71612887901458
2024-09-24,22.40168415934697,13.080577982811452,85.67218413088185,35.47110230688726
2024-09-25,21.316949164706834,8.672873134013406,63.293847799991056,39.08372059848195
2024-09-26,18.96828799018848,23.381836767951224,95.0,31.70349730934438
2024-09-27,16.390987508209964,2.7653401762814784,82.57173551511787,34.66868729829808
2024-09-28,26.29828375792249,1.506832038818025,75.48258123298325,37.65177832531698
2024-09-29,23.295540465316826,4.805803941122674,68.99156778858503,36.637184057039875
2024-09-30,17.840573107762097,1.9682021716572455,73.45089711389535,30.203792630062047
2024-10-01,17.819731213064586,0.0,56.33492979631948,32.65153252516386
2024-10-02,21.658018692940033,0.0,42.96128413173281,31.748492281994306
2024-10-03,29.679836044959156,0.0,50.75534011870445,39.91159563878341
2024-10-04,21.96945748876776,0.0,75.62888768508198,35.783918455501194
2024-10-05,17.000803321986798,0.0,57.26006918170696,30.593677254069554
2024-10-06,22.037432762920325,0.0,57.56616020624982,35.876457195532204
2024-10-07,21.938016186539556,0.0,57.00161803725119,36.712394044178126
2024-10-08,12.251342381144052,0.0,79.04136589573007,32.37346073020168
2024-10-09,22.83315805849199,0.0,76.25958915362062,36.93966913334999
2024-10-10,22.139514667195353,0.0,82.18780233448135,35.153890175324364
2024-10-11,25.86245637549321,0.0,58.40954789599949,37.73330975617683
2024-10-12,30.489292028423336,0.0,62.95624488747095,41.61251900255276
2024-10-13,27.617018410662745,0.0,44.833574505792086,38.274233907902115
2024-10-14,22.053942961918573,0.0,74.76934426118274,32.407547833763445
2024-10-15,18.72357675577578,0.0,48.32220448732065,31.32735062091811
2024-10-16,33.46473952472517,0.0,62.16775563762629,40.62078339237536
2024-10-17,23.431224816696446,0.0,49.02697472367156,35.27931359053478
2024-10-18,23.274543034692254,0.0,54.11133173261304,37.919982215170315
2024-10-19,23.14821707008422,0.0,51.627375689503,33.705635099500554
2024-10-20,24.064357105935706,0.0,53.92124739324182,31.035819296677335
2024-10-21,22.72327806259475,0.0,54.608772968510216,34.45895213495047
2024-10-22,21.036165828364428,0.0,54.517312050749226,36.248492788366875
2024-10-23,21.174855817142443,0.0,68.33333911780306,36.99601989091037
2024-10-24,23.26413048055283,0.0,48.9513720693748,35.27871214977253
2024-10-25,21.255660974538266,0.0,62.20541427013867,35.50892673754791
2024-10-26,20.61354780527816,0.0,72.17959152305559,32.31279412558838
2024-10-27,23.927566562506367,0.0,54.86803635486604,36.96797919547533
2024-10-28,22.520184398018834,0.0,52.82081109252398,33.15569079744497
2024-10-29,29.595634404613932,0.0,57.69475374819749,43.70496141870738
2024-10-30,13.016662240706735,0.0,71.7972520836071,32.28989512034098
2024-10-31,28.02874563404186,0.0,61.94107630953358,38.24129147381974
2024-11-01,28.690520978611502,0.0,54.68785705392401,37.0600614053133
2024-11-02,15.457353612729761,0.0,64.8387665118804,33.51054169551379
2024-11-03,22.426157595506208,0.0,48.977078501635766,33.52949065403676
2024-11-04,22.35838340418779,0.0,66.81359510442948,39.05014023226791
2024-11-05,18.262570454616643,0.0,64.08607307701767,35.32133218219995
2024-11-06,20.83103795459969,0.0,56.92191528861116,33.33663855720502
2024-11-07,19.550891177263296,0.0,51.61414201552769,36.87915536204875
2024-11-08,31.054353489910604,0.0,51.133190777165424,38.85243156342883
2024-11-09,27.841234317235966,0.0,65.3481733634591,41.388661837863964
2024-11-10,29.239146245556945,0.0,72.28980502489063,37.945159102910836
2024-11-11,27.09515921378013,0.0,53.626922529712054,37.99919536832152
2024-11-12,19.748932476648303,0.0,64.58386703551484,36.41345962771351
2024-11-13,22.224833820060972,0.0,39.12972981397931,28.15906428863405
2024-11-14,26.339278053432103,0.0,54.153822693428005,41.03095378632293
2024-11-15,19.55320565302334,0.0,59.68941067129098,37.29577388261496
2024-11-16,27.354702085431313,0.0,50.90316583018166,36.06359357646001
2024-11-17,23.603434571249117,0.0,50.63493625210404,32.72416505513366
2024-11-18,23.12849867563688,0.0,53.322204435311136,35.92381345248777
2024-11-19,27.535666781602572,0.0,62.921927283263734,39.52561424628283
2024-11-20,26.533905440769246,0.0,58.12670981593625,38.60363258069833
2024-11-21,23.37897383227279,0.0,37.61768766675028,32.59617924187463
2024-11-22,29.52708547125265,0.0,38.792998473649334,36.53462440896804
2024-11-23,20.63336233902477,0.0,53.931348221428244,36.99756221258164
2024-11-24,27.490108992973234,0.0,64.57686586053552,40.796634078851014
2024-11-25,27.468403664604526,0.0,32.52495157274765,31.13988114903191
2024-11-26,23.928305461288446,0.0,55.002698238483696,38.689818083765864
2024-11-27,26.542355523130365,0.0,54.73752143482579,40.49991117550692
2024-11-28,20.30551983676729,0.0,73.88337778208448,40.68019783099092
2024-11-29,29.079030039999846,0.0,56.149781882871366,36.522483330095
2024-11-30,24.717036734967515,0.0,63.829889847409284,38.610260363266164
2024-12-01,23.440230167123953,0.0,61.41257140087463,32.838431957358935
2024-12-02,29.802367702768606,0.0,38.694335201928,36.74634920452832
2024-12-03,22.8648738833147,0.0,67.68207216631737,35.79962191206033
2024-12-04,20.1250081058437,0.0,62.15396505456288,39.34018865348433
2024-12-05,19.609605343152225,0.0,65.0826863967459,34.23903545218977
2024-12-06,28.338071792320967,0.0,95.0,30.790669820225958
2024-12-07,20.870842643984997,0.0,39.158870605014116,30.324667961590283
2024-12-08,33.09085969671942,0.0,77.24696649761108,36.145061006403225
2024-12-09,17.823659654011742,0.0,57.12552480599644,34.839133697219786
2024-12-10,33.01744486227829,0.0,62.873289044030095,37.953214147432526
2024-12-11,27.156455370839907,0.0,59.54487754698758,38.544118357183784
2024-12-12,26.006799244056605,0.0,55.757636666019565,32.999303315519825
2024-12-13,24.29571752948275,0.0,54.30167071761241,35.367597299190564
2024-12-14,28.15413229300523,0.0,63.29508735573009,43.0228399292577
2024-12-15,26.489670402630075,0.0,44.82826303328321,35.931783590843274
2024-12-16,31.136441052485146,0.0,67.50579167521765,39.340074981269176
2024-12-17,27.263546764618397,0.0,55.83805595114746,37.73697759466052
2024-12-18,27.49159948082668,0.0,48.69930660959642,36.521694806421515
2024-12-19,25.520028651801475,0.0,55.49987142004186,37.80524930159593
2024-12-20,26.8310839558995,0.0,72.57149216862572,35.16752681766295
2024-12-21,28.374741354660845,0.0,54.64664912983777,39.301835050992636
2024-12-22,20.387782326052086,0.0,63.5845361820962,30.502015136239734
2024-12-23,21.920864451010818,0.0,52.69043724284526,33.238750569346834
2024-12-24,30.372016151594085,0.0,67.57921849923619,39.693616691046714
2024-12-25,28.16795326527459,0.0,66.85507738790204,40.97961480719937
2024-12-26,26.834242660902042,0.0,78.48608833296412,36.76516536921194
2024-12-27,27.72972359824996,0.0,58.244360545007844,35.70260780041397
2024-12-28,29.132228485330412,0.0,66.68654804757907,38.25881838151536
2024-12-29,25.668853220648817,0.0,60.98067539538945,38.42792170849711
2024-12-30,24.80071431761157,0.0,72.95871781863015,36.650478911350646
2024-12-31,28.783381020390724,0.0,52.8116761239127,36.795777515706405
2025-01-01,24.17257567031904,0.0,67.45005312877281,36.634609630381
2025-01-02,29.805119080971608,0.0,58.053027038833186,40.90550094257102
2025-01-03,21.447763919164895,0.0,59.358118228915025,34.56012045962702
2025-01-04,32.46063468331417,0.0,60.91752484448373,41.23763982249569
2025-01-05,30.3202139233394,0.0,62.52240396426677,45.00446093068414
2025-01-06,29.539627424492664,0.0,58.83770956878042,36.68999035223457
2025-01-07,32.53180416027882,0.0,62.147131831705266,37.99164298333115
2025-01-08,35.348291638416626,0.0,75.78118057562185,43.08508903368116
2025-01-09,32.82902436339392,0.0,69.85449685615218,40.08632668787832
2025-01-10,21.492968795580808,0.0,68.69154592496896,35.371700157311366
2025-01-11,23.822825682273407,0.0,55.444604739761296,34.43802103282673
2025-01-12,26.526248188560373,0.0,51.10759171771676,35.96504215628851
2025-01-13,29.21397176586415,0.0,69.55300558237752,42.89346099064926
2025-01-14,31.26399991190624,0.0,68.76046792529795,42.48416328812977
2025-01-15,26.373791222967064,0.0,74.72670675750982,38.966001283755524
2025-01-16,30.106857845578833,0.0,53.9601937403077,36.013013559265666
2025-01-17,26.42088043498975,0.0,57.70451344639653,35.44903543366844
2025-01-18,27.078534911313646,0.0,43.605158374745656,29.582141811635104
2025-01-19,23.979703921068925,0.0,56.07528893939127,34.58614810624721
2025-01-20,25.99468151352695,0.0,69.96570510579447,39.91760610837591
2025-01-21,24.361642188416518,0.0,55.33504620771802,37.281723367248595
2025-01-22,25.94512970254403,0.0,66.40479795200824,38.24857873496612
2025-01-23,34.14288421764939,0.0,58.094968940021886,41.645835329392966
2025-01-24,26.20984439070209,0.0,63.24057028221561,37.37526516664335
2025-01-25,40.615496272411136,0.0,48.523086101843326,43.4218831213778
2025-01-26,32.1371495662757,0.0,60.852094496339014,42.770750241366876
2025-01-27,30.980491203481545,0.0,30.088640290992767,31.27620008511838
2025-01-28,26.884320233789396,0.0,58.13103841838015,38.66766317624542
2025-01-29,33.194908718214904,0.0,43.6952675628486,40.2013776135865
2025-01-30,28.16632644584879,0.0,72.05994516546816,37.840973611904026
2025-01-31,31.03139397784196,0.0,67.77407352764511,42.36228350763312
2025-02-01,40.85741618990292,0.0,64.66670981966081,51.99135894782873
2025-02-02,30.30578625879289,0.0,75.2100622715938,38.902195089103905
2025-02-03,35.3592698709808,0.0,50.51083479175163,41.56841599385137
2025-02-04,28.02080308095203,0.0,77.47363197915558,36.03956097732212
2025-02-05,30.76404740528115,0.0,69.32191564260384,40.8801428993239
2025-02-06,38.056835977345855,0.0,57.63444712781054,44.47585066419965
2025-02-07,28.53451611942456,0.0,71.35620147182944,39.385702445886665
2025-02-08,38.36002797419204,0.0,48.93706487588366,39.928036322855036
2025-02-09,34.008169246272786,0.0,51.75485838472326,40.76777984273195
2025-02-10,28.993280701597833,0.0,53.914102767603,41.20385278175479
2025-02-11,33.83780404743347,0.0,54.71022291935985,41.758218136617764
2025-02-12,35.26243589267165,0.0,49.43442357239747,42.442077038959
2025-02-13,33.92250368498712,0.0,72.23083067095325,41.04106176827766
2025-02-14,25.216392755696404,0.0,57.41145599630168,38.59028805595596
2025-02-15,28.649734408109392,0.0,63.525049683568795,40.58841281720151
2025-02-16,30.628145649273538,0.0,54.29648633586319,37.271548632434936
2025-02-17,31.37935139841974,0.0,41.79396699451483,37.68551110771059
2025-02-18,34.21754882868548,0.0,62.70057358391422,40.66549580424496
2025-02-19,32.50233304612583,0.0,40.87745024580223,36.16089602245378
2025-02-20,26.505696699579282,0.0,59.31365953914531,38.49423687220346
2025-02-21,33.42227065937772,0.0,46.3168496116719,39.56899379878348
2025-02-22,34.39707126491918,0.0,79.87275999230808,37.845518703843716
2025-02-23,34.245967232597536,0.0,69.11362722174722,44.40822971431508
2025-02-24,36.38081819725529,0.0,61.05753791271481,44.54592923777155
2025-02-25,35.44307138470768,0.0,72.63706677654669,40.784665465822734
2025-02-26,33.99257344874279,0.0,51.536840225342644,37.228485176541575
2025-02-27,31.9224291823378,0.0,65.43479378670094,41.58444667566585
2025-02-28,25.60524172357367,0.0,61.99810433718714,37.310354301501945
2025-03-01,34.01229266790936,0.0,62.6402008133367,42.76046741072806
2025-03-02,33.16803252230043,0.0,72.72353500106767,40.313075938625545
2025-03-03,33.4657738745027,0.0,67.32492102779803,38.25298901020173
2025-03-04,27.31334324643558,0.0,62.887236628250236,38.45742507226552
2025-03-05,28.13568057066469,0.0,43.45112563771704,35.146827190739124
2025-03-06,36.710765761592825,0.0,50.399537047205364,42.7026123397856
2025-03-07,32.37684844858656,0.0,58.77291066404276,39.54660700787973
2025-03-08,35.29664273041716,0.0,60.93372374276651,46.192415460507014
2025-03-09,32.71812994310502,0.0,48.69796275326076,35.27537642090115
2025-03-10,32.75673297587896,0.0,84.11676675578421,41.17734813238789
2025-03-11,36.422321368018615,0.0,75.16394055253573,41.72973463174595
2025-03-12,30.635101376839984,0.0,66.02118320392483,42.83248379232214
2025-03-13,33.11246504489964,0.0,60.72036861283745,41.85990921313478
2025-03-14,30.9061814266556,0.0,57.87791030098848,42.30778384557643
2025-03-15,31.043189223230264,0.0,50.48081539977764,37.84303376246504
2025-03-16,31.568960425486946,0.0,60.774805185188626,38.74220039942557
2025-03-17,33.71723477480912,0.0,62.57752540142751,45.21513104223219
2025-03-18,30.935325122603622,0.0,47.58239424518376,37.757180118574276
2025-03-19,37.893526778156186,0.0,63.341764172448976,45.05823317081631
2025-03-20,29.310812498650265,0.0,58.44740951175251,41.814391979765226
2025-03-21,32.15904577471261,0.0,40.921924421226095,35.19999728741266
2025-03-22,31.16344485066376,0.0,51.39614989220498,40.05193419905139
2025-03-23,38.72465874938486,0.0,55.863944665783556,42.35532879492336
2025-03-24,33.73588158148306,0.0,78.8768765734019,39.8282267647724
2025-03-25,37.0884892049642,0.0,65.56553124533758,44.57569628418316
2025-03-26,27.028848042321872,0.0,46.64518430900109,32.843017160067284
2025-03-27,34.04779604421293,0.0,64.86036289417638,41.43829651530087
2025-03-28,36.54514804803453,0.0,44.52696011061634,42.880111830966804
2025-03-29,33.32131306287952,0.0,70.82691053887073,43.2676568008352
2025-03-30,37.25817155645983,0.0,55.28875348182122,42.56155731993969
2025-03-31,30.929688709497967,0.0,59.06363811260829,40.76381889429643
2025-04-01,38.63734345942328,0.0,73.2579664754219,43.07859342335434
2025-04-02,42.195175787750685,0.0,47.1283643141575,46.2364275283628
2025-04-03,31.54637716167815,3.318561814152104,52.6659417771743,39.23752796210082
2025-04-04,31.21238849232208,0.2790942230287268,54.7221951825974,40.04222688925309
2025-04-05,38.80312371279777,0.0,70.38378851019317,46.616864442644385
2025-04-06,39.3015830916937,12.479102561175338,69.76474436758225,44.39100995875612
2025-04-07,30.884086446890414,0.0,31.67844401889431,37.895310396217866
2025-04-08,31.285536977953644,7.3924686411114955,70.273348698133,38.26642279397461
2025-04-09,31.828431884525248,25.740826697499735,95.0,41.7475828742382
2025-04-10,27.565585907024595,0.0,72.00261749738829,37.636918286130694
2025-04-11,29.25513296388236,0.0,55.36838637914601,38.21584626211982
2025-04-12,28.898069692891642,2.1399577811988917,60.16564949123776,35.91614018044737
2025-04-13,29.826878197810935,16.00959634998571,95.0,35.60480929914866
2025-04-14,32.741313203614716,24.583474542205938,90.46953208745768,37.65548457648264
2025-04-15,33.797449913291395,0.0,56.114792248169906,39.90639071553273
2025-04-16,39.04169088637663,9.966992232365218,81.83822336398102,42.87527806205087
2025-04-17,28.82393657986558,0.3468954321994664,65.18597807724927,42.325045446648694
2025-04-18,36.73087867884282,3.9405164569586435,62.78296598200846,44.731290884320224
2025-04-19,31.912449606250195,31.443433470170348,95.0,39.71592145694436
2025-04-20,32.54395306145113,0.0,35.1167264658701,34.10428304620846
2025-04-21,35.41308368561852,7.5373966149457345,68.492309106553,42.00031150378777
2025-04-22,28.193518645227968,9.676931717654332,83.88895056085335,40.88411241891137
2025-04-23,34.1832586399261,15.857863249393471,81.89278615624015,39.82845634412787
2025-04-24,33.287262443817696,5.979831534708954,72.54950528531388,45.04412982243156
2025-04-25,34.55772318632957,8.080505395041023,80.62973579810902,40.47484257528535
2025-04-26,33.709697726102355,1.083514325782089,58.74153664298653,41.7160834965137
2025-04-27,42.337979571267006,7.691269412451073,77.08717653486785,47.66141174036489
2025-04-28,29.928236516669283,1.5680772450258953,53.50882883720567,41.36647659415568
2025-04-29,30.3162987931402,11.215718898560509,80.36532500016055,38.98503116583586
2025-04-30,29.90749891416862,1.3038966395636602,68.70995497501954,39.56566201899369
2025-05-01,30.136623116905593,8.771003939021865,79.11173748772808,39.01122355776495
2025-05-02,29.766162131023492,4.707371863150216,63.54943103066108,41.73961951442322
2025-05-03,37.02767697317934,16.260502507721682,94.7631690583513,41.969862299431085
2025-05-04,37.90826227872474,4.486062764115138,76.11822343459646,43.18755244684289
2025-05-05,29.896642222095284,0.0,39.50058721422522,37.08621114993899
2025-05-06,28.80234870120264,17.619215007139918,95.0,39.439815315857196
2025-05-07,33.9683524827752,0.0,56.63745261318928,42.07428598855503
2025-05-08,29.82350755448084,0.0,64.2548993324023,41.38603935573043
2025-05-09,34.51264158993513,0.0,71.97246923645228,38.824005297496974
2025-05-10,32.739941358798774,18.74438093170817,83.77202489111168,35.22854352068974
2025-05-11,25.81144374684628,0.0,52.90558997572453,37.26359132702839
2025-05-12,38.00946386927296,36.37748533659994,95.0,42.452832005734734
2025-05-13,38.94684483004213,15.560568090660517,83.28360097007675,42.34319368024228
2025-05-14,29.25495529230544,7.232389141291597,91.81414404095128,36.474948160464315
2025-05-15,30.096981530688506,4.451059993837136,60.33439904940634,40.43966911621542
2025-05-16,32.73184613127944,7.855540748576569,70.15561370228447,44.37591490130828
2025-05-17,32.86574521048399,10.211224283793383,82.46633888361653,40.13294899341598
2025-05-18,34.100583225126215,11.45215585950057,70.88281645824026,41.52509733672478
2025-05-19,39.444685202450486,10.556044660034484,77.15528220250633,46.32722310464601
2025-05-20,30.632530411091473,5.895806812552488,74.96614623760672,39.478354489387236
2025-05-21,28.08259280789162,3.0266157969267393,62.72462755002837,40.941956860988775
2025-05-22,25.69299665412472,3.487267163464883,66.04066573793028,38.0322704834372
2025-05-23,28.2200939132115,3.05091719647319,60.80851326846267,38.277187558950736
2025-05-24,30.943915108321455,16.337700968670646,77.53069884553362,40.76792434229246
2025-05-25,38.18635177019577,10.935567222808618,85.08706655900963,42.19497658266419
2025-05-26,28.868481065317688,0.0,77.54933071647241,38.88402846009803
2025-05-27,31.76401314607722,11.55900776529761,83.3020318384296,38.84020947526297
2025-05-28,30.73225472775988,6.947361947187749,76.147365066851,36.15867097768772
2025-05-29,35.479775286495595,4.812912435541026,76.55305242225066,41.04502063517499
2025-05-30,40.76137994430415,1.1148154691111416,49.53632597275529,44.98707364790188
2025-05-31,28.45683686339799,16.241127199860134,95.0,35.2577789931988
2025-06-01,28.548451297156,14.475264621228579,90.97381720668517,36.03422186433472
2025-06-02,34.60800704381974,0.0,76.3185689908911,43.01304273554353
2025-06-03,33.08336349687457,9.070522871245352,70.81071578725081,40.862644423593814
2025-06-04,37.66636277048644,0.0,78.18061922557825,39.11145110364178
2025-06-05,32.53830666305634,0.0,67.75155494034783,41.397580104407616
2025-06-06,28.687833336699537,0.0,65.53040085852358,39.269488594147575
2025-06-07,32.409399116847354,13.623934723827588,89.58811399118666,36.716977593062595
2025-06-08,34.40276570561397,14.531250453760867,86.57721472677724,39.98830804103024
2025-06-09,33.17046855080928,10.13085420097293,92.26702498668459,39.12792599265858
2025-06-10,31.837664778078036,12.250957868479972,85.90551443544041,38.9442481656633
2025-06-11,33.994760321710295,10.161782871149583,60.65286870642764,43.75809433462811
2025-06-12,34.324224772905346,0.0,48.82813538292997,43.554554860069516
2025-06-13,35.09417116882925,9.319225446739406,76.77999337155134,41.43725173166316
2025-06-14,32.07840364672603,13.004095252276823,89.10818033620919,39.0746725506382
2025-06-15,28.73268105472867,12.542913298135742,84.51994170727252,36.69821679052514
2025-06-16,29.905182209373333,16.88913371474643,95.0,34.94878503638736
2025-06-17,34.061146768438114,12.083038472010639,64.65505830363503,43.00007358531159
2025-06-18,25.883785667204126,8.51448207541583,78.46484351588326,36.14285519492361
2025-06-19,30.542297812690588,15.701502383164275,73.223212512457,41.91560823726458
2025-06-20,27.410009199658447,4.734787407509399,77.06669776986048,42.46329536000959
2025-06-21,29.013812220367093,0.0,59.05541285557997,37.88590180874787
2025-06-22,33.92784251512178,3.369330360562361,70.9347604413659,41.280651594113024
2025-06-23,29.49339225667899,0.0,51.36117039410234,37.892684180937465
2025-06-24,28.82948707988751,0.0,72.7946493165775,39.647411374047756
2025-06-25,23.1188704716888,3.5548132928448215,77.52687322627816,35.93664354378283
2025-06-26,31.457698013194886,0.0,65.83544303011888,44.129951988469905
2025-06-27,30.968869120731625,1.9203847036095971,62.54559693858479,36.33280827737332
2025-06-28,36.95408528005082,0.0,65.79857285295132,39.5434683290438
2025-06-29,26.983998225210655,7.132937073729385,67.19694846758529,38.774146782440916
2025-06-30,29.005693511791428,5.012054753622242,78.57966609745161,40.48271938685504
2025-07-01,29.040569719286474,0.0,76.4948089432392,35.0900270077842
2025-07-02,34.26677813461046,11.59245668432405,93.89101896843997,32.49916626266213
2025-07-03,27.489725669316535,14.375701376265583,81.45537805445707,39.03371617383183
2025-07-04,28.900974938058717,0.0,63.61417317273103,40.66063655098099
2025-07-05,30.130519652037197,0.0,47.06858456241352,35.29855992490244
2025-07-06,28.35950409645812,0.0,65.72390311175675,38.063892224435854
2025-07-07,25.741581792711898,0.0,64.50603412862539,36.832510282811675
2025-07-08,28.21806493598477,13.294748419317484,67.89133344331333,41.08131125620935
2025-07-09,31.65078611217619,3.0617386122719648,54.50563878542029,38.78006412203333
2025-07-10,23.164942817756394,2.3548515868938926,61.87831420635012,38.181747246788646
2025-07-11,27.717843631894933,0.0,56.991402528591735,32.547948995857034
2025-07-12,24.300683811615503,11.354180302092264,70.61359124999647,36.44933795576208
2025-07-13,31.796822066731494,0.0,63.889787293521834,39.42426057024801
2025-07-14,20.83964780366593,5.5993263026632825,73.71338869473169,34.72439743640797
2025-07-15,24.612784259760588,7.773769379581917,73.60484743937864,36.28670406298249
2025-07-16,28.273736597853414,18.60658595838651,89.6552569151894,38.66216307151901
2025-07-17,32.94376865329734,0.0,70.48707126416564,37.65579653049543
2025-07-18,26.33584557971198,0.0,76.55407113088296,36.94809151634091
2025-07-19,24.29563779685976,6.838495447536949,68.84137605660852,39.18006607828528
2025-07-20,33.95909307308324,23.005111815108535,95.0,42.99335259117638
2025-07-21,20.560901987212382,17.389463529394373,95.0,31.05586540435868
2025-07-22,17.47671461016602,7.096594152746258,70.61289450802265,34.97435502745815
2025-07-23,27.951489146564505,0.0836381436795266,58.77330428072671,35.13104365867082
2025-07-24,24.10324327656973,13.071225966373103,93.53898344999291,28.86703513629755
2025-07-25,21.94711734819482,0.0,40.906439124927076,33.84439525064622
2025-07-26,28.78664599511931,9.763577693562192,92.71017863565108,35.816524452489524
2025-07-27,26.850201155237034,10.05470159166627,80.83620842662594,39.6203544310568
2025-07-28,23.541091555300625,15.602099074988798,87.0892667043558,32.16609656633853
2025-07-29,20.599248937774142,32.596600389110776,95.0,34.59908878685566
2025-07-30,29.13403177475126,8.92415967178767,77.47261289378054,42.702544956886
2025-07-31,28.169441176291194,0.0,42.68798696555075,36.46172919797028
2025-08-01,25.097087477653595,4.744256878080056,84.43789603069247,35.688553231678405
2025-08-02,32.8062360291114,0.0,60.41325632270618,41.50288144074563
2025-08-03,21.066010693885733,0.0,64.43002130447375,33.277246693585795
2025-08-04,19.1716971235978,0.9071756188689601,71.32984894347835,37.12174220641082
2025-08-05,22.43442140842415,0.0,49.788375424396996,32.953170509481346
2025-08-06,24.948794595056388,6.52354872033722,77.78181643102673,37.5793553961226
2025-08-07,26.034431535828404,0.0,57.32358909101207,34.35586497297411
2025-08-08,24.026935452450072,16.210306673244716,95.0,31.275579064533947
2025-08-09,26.331798586240556,5.002070649181971,48.73186709484899,39.282654575452746
2025-08-10,19.85002823025906,4.9069967886138555,68.82305057481501,34.95649910111222
2025-08-11,30.56478485011023,1.7210528348708216,57.413899111902026,42.8438284830077
2025-08-12,24.39561350038431,6.551906838589791,77.42644318352114,36.21124747922987
2025-08-13,29.12886400528484,13.250982646676347,91.20240716703472,32.965253287987395
2025-08-14,25.96703433812574,0.0,52.92374105177974,38.35240057888226
2025-08-15,26.360606742180252,0.0,52.87826135823956,35.57617100722682
2025-08-16,26.751151070392936,1.9627397122333532,62.818825738893416,40.53299228123257
2025-08-17,26.202449671689457,0.0,51.033577726847916,36.35836211629448
2025-08-18,26.92310326903775,0.0,68.41983695452127,35.69134778772888
2025-08-19,29.610500066286747,0.23779126455340993,56.78351052463236,39.51432079526632
2025-08-20,25.022750541145843,13.743891807127275,58.41790142103814,42.96179101979887
2025-08-21,27.016571966401337,7.62561329001925,71.50300601382044,39.95621902646742
2025-08-22,23.766637016015892,6.935899113675443,63.486360018911164,38.1591449171468
2025-08-23,29.832219586404324,13.508979621679721,70.70520108874999,43.27665434153393
2025-08-24,21.313516472849848,3.6262821160060335,54.87829784978634,35.41638294838901
2025-08-25,31.17136200003855,8.904648499288896,78.90338171690749,40.114537967092254
2025-08-26,23.756677940193047,3.9677824706750378,81.22197322383239,32.84747222807934
2025-08-27,18.14512859790826,7.653623493996284,78.43909172664237,33.61780435460449
2025-08-28,24.332790262549974,0.0,53.934966117842606,38.024275187677404
2025-08-29,21.049548083335168,0.0,64.55904195170703,34.76445812780894
2025-08-30,27.090963347205765,3.6572083781369584,62.723513654083995,42.30489688472727
2025-08-31,21.07379344254089,19.227481360999402,91.50895903036735,32.97444100300666
2025-09-01,21.85673467359428,14.262154022415924,76.980681362502,34.182907443461254
2025-09-02,16.041776056350198,14.653974845911707,71.78966162430622,36.123617341745515
2025-09-03,21.750488109856228,17.36130721806218,90.8233773705299,32.87311083115182
2025-09-04,13.825286239809634,5.886575909614375,73.35368671843007,33.34959314215246
2025-09-05,17.14760969443369,6.973157074055956,72.98007744796301,33.09158780051276
2025-09-06,26.48863547410611,0.0,55.84033072052641,37.29273159409853
2025-09-07,26.555282504306366,1.8392714397295022,54.22108227249119,38.29290525929295
2025-09-08,25.080376636174393,11.157711497711416,88.39788491227252,35.55817660058384
2025-09-09,19.47847577229325,17.038844371688164,80.90636954391047,30.27078485362987
2025-09-10,23.12474784395493,3.6055372431900046,74.97135362481477,33.68616944114473
2025-09-11,23.271784126685624,0.49810735148588403,50.97404451370452,36.73933167081393
2025-09-12,18.624733343168977,5.005279588565973,62.4862068036016,35.0458628133583
2025-09-13,29.24518822391638,11.012067489291148,67.35628307242553,40.20508164085936
2025-09-14,26.71586007736621,0.0,54.98597853114363,34.63797771439688
2025-09-15,22.2987905618606,0.0,69.75312458477978,34.03929772142264
2025-09-16,23.267854440857803,0.0,65.15628088443957,33.55907376361709
2025-09-17,23.972940248644903,0.0,69.78422112028035,36.82706446286332
2025-09-18,14.953007773140998,0.0,65.22142545933936,32.23534363354054
2025-09-19,22.113222011690162,3.5221968118252844,56.00769533834688,33.67719397272635
2025-09-20,20.357430248108898,0.46751590976986623,57.627139576264156,34.61464777994836
2025-09-21,19.063779210601187,19.524675344707454,91.24735939824028,32.96282652182875
2025-09-22,21.93221087729448,8.2674476460232,89.8406443324368,37.01111720118209
2025-09-23,30.23517578743082,8.004743596108284,64.04160072795345,38.7026155597905
2025-09-24,25.597087198730968,11.22207144043402,91.38111977475916,36.9632888750581
2025-09-25,20.739757485365324,0.0,68.9295387010877,37.53017412449526
2025-09-26,25.307036616653786,15.391117874202687,95.0,32.63444461699376
2025-09-27,28.60783594201705,4.242357134645401,64.38784834299582,41.01219526224429
2025-09-28,26.70413615372591,11.704806172412125,90.53283394062588,34.50071540730376
2025-09-29,23.24079007624391,0.0,82.81651836538842,34.42846852588175
2025-09-30,20.412669595904013,0.0,53.82358323066303,36.98931347089372
2025-10-01,25.79293955577341,0.0,44.6495975246764,36.03760174808461
2025-10-02,24.575099031787545,0.0,41.19989966092236,34.544746194545134
2025-10-03,26.584522823912508,0.0,67.12712028861331,38.006218714324305
2025-10-04,25.548510100950054,0.0,41.168497919414165,31.03984130450919
2025-10-05,27.211585995736563,0.0,56.27680947062077,37.44421847091162
2025-10-06,20.87946417302183,0.0,64.37313187038961,38.727574770316664
2025-10-07,28.298486728067537,0.0,61.85175536829914,36.4652587245143
2025-10-08,23.829287371679936,0.0,64.25444864184172,35.65535467785492
2025-10-09,31.35138101506429,0.0,62.22289855800854,41.37280569160199
2025-10-10,20.306501515671794,0.0,72.78865813313394,32.626209561514585
2025-10-11,30.021486128900534,0.0,50.476836192612026,36.52106340874225
2025-10-12,23.885110782492546,0.0,53.23004861541469,34.741367950872856
2025-10-13,20.50508627801392,0.0,52.27340554729176,30.97598944008501
2025-10-14,21.19395438792061,0.0,68.3019181186261,33.98834987780235
2025-10-15,21.86829115796518,0.0,69.00398588395063,37.540204235767085
2025-10-16,24.867964097333388,0.0,64.51225319318507,35.72169312284178
2025-10-17,25.28569303278049,0.0,71.83493666889927,34.08011491362071
2025-10-18,20.924025851286157,0.0,48.21959132623619,31.845881231822528
2025-10-19,23.1472990494803,0.0,76.67224111551137,36.703112306657566
2025-10-20,31.84109949731174,0.0,75.23238621712258,39.48022888923757
2025-10-21,30.210892390693363,0.0,67.35621997245747,39.70504004462395
2025-10-22,25.0761085345815,0.0,77.8179890877106,36.06317404477984
2025-10-23,23.51430549477681,0.0,43.43376792322226,29.95249146631355
2025-10-24,23.875268868289865,0.0,54.755518637373484,36.87814946916969
2025-10-25,25.883431949995,0.0,52.64696539318048,37.23797911644088
2025-10-26,19.373760675193196,0.0,67.21479323757343,34.42530474189047
2025-10-27,22.4723395020454,0.0,49.498592603978544,36.14773729541124
2025-10-28,16.865756972191896,0.0,67.57495149337485,31.662895989514894
2025-10-29,25.176554940704293,0.0,73.70536143996713,39.10302316886586
2025-10-30,26.209325233089743,0.0,66.95202900084,39.023244147567375
2025-10-31,21.72997237715452,0.0,62.83751023661501,35.75938305614392
2025-11-01,30.00212726178112,0.0,50.121266590992505,37.985569678352434
2025-11-02,18.84785189035299,0.0,51.53149033874635,32.515694481303875
2025-11-03,17.939408450988324,0.0,72.49618905296667,35.91103220773626
2025-11-04,24.74195414241084,0.0,67.79349003905332,35.65892080845273
2025-11-05,28.081010443936538,0.0,59.60980480622456,37.43742770491998
2025-11-06,30.678015470794662,0.0,55.8209045423411,41.57579442801051
2025-11-07,22.157657507650857,0.0,39.74192126888623,30.83614313723495
2025-11-08,28.359995049941297,0.0,49.291475813155614,38.83935884226495
2025-11-09,23.94448686664329,0.0,79.11419087139723,38.548277225059614
2025-11-10,23.462416665817024,0.0,47.195444289975335,33.366707137020306
2025-11-11,27.743110707553868,0.0,61.89479821221081,40.6132396493697
2025-11-12,26.874431075170893,0.0,70.07443973195198,36.114943028515334
2025-11-13,18.017346257243062,0.0,47.450773319977074,33.00829438875257
2025-11-14,30.28794120742402,0.0,61.84710474781083,40.912239525247706
2025-11-15,29.962082305180928,0.0,69.37915537510655,41.05128664188958
2025-11-16,22.000457558703644,0.0,60.1249932190725,34.73408327909553
2025-11-17,26.147950297631294,0.0,88.68403055666768,31.015002206347766
2025-11-18,26.60390265096622,0.0,43.31400741121804,35.971256937225725
2025-11-19,25.734521972084224,0.0,70.5872852988388,33.62299762131544
2025-11-20,22.555631579443414,0.0,58.27198262603535,35.297511330443704
2025-11-21,22.136345023796903,0.0,67.71920154836675,38.406695935065045
2025-11-22,24.787549973829876,0.0,64.41307151699246,38.660184762059494
2025-11-23,29.64853172646182,0.0,52.668438028900034,42.254638758590545
2025-11-24,27.2007671835739,0.0,62.2899639245934,41.10859468186918
2025-11-25,23.613541304386562,0.0,41.42098548601713,31.783170972745552
2025-11-26,28.253286061137775,0.0,66.03247500571393,39.97477478912898
2025-11-27,13.843652951641598,0.0,62.98158465990526,32.423402002712976
2025-11-28,29.905036943796908,0.0,66.38660168643102,37.51084460792
2025-11-29,18.424066848059844,0.0,70.5811832508715,32.21499894088692
2025-11-30,24.006881515126942,0.0,63.67619840209711,36.61715862402316
2025-12-01,21.052442670695527,0.0,61.480894197982764,31.74995916923244
2025-12-02,20.42760489653742,0.0,51.18931663338708,33.546652711449404
2025-12-03,30.325555794999808,0.0,52.87779236350949,38.240192680895724
2025-12-04,23.88804848605038,0.0,71.86734620177332,33.224767200047374
2025-12-05,27.2221375641707,0.0,74.36335405705978,38.546823701228064
2025-12-06,25.726349671421673,0.0,57.61889563687946,38.81869945246864
2025-12-07,27.900723362862614,0.0,60.460027472532744,39.496436133667636
2025-12-08,26.378970533022976,0.0,50.95385625006234,35.732120166106014
2025-12-09,21.01940838879234,0.0,71.72756845267445,36.347074807365
2025-12-10,30.2166866669067,0.0,66.65416823691778,42.137950407023176
2025-12-11,24.33735916938418,0.0,79.4121743646375,35.90105185120397
2025-12-12,20.16732409689917,0.0,51.21676922820261,31.67779139322058
2025-12-13,24.762933232854895,0.0,56.21992100981783,37.17865234941337
2025-12-14,32.56062699813418,0.0,62.314459225255725,44.1341666457692
2025-12-15,30.04109618078343,0.0,66.4648953772577,39.534310897716715
2025-12-16,25.32862498678761,0.0,57.84332362452368,41.428855896563405
2025-12-17,25.40960535269653,0.0,51.270389095462995,34.9076186274701
2025-12-18,25.603852230109638,0.0,68.81407528923572,38.10392508388795
2025-12-19,35.28146943490026,0.0,67.21135362545581,41.853492800346295
2025-12-20,28.58660825970998,0.0,50.83725899436275,37.90729760056806
2025-12-21,28.863700867856878,0.0,73.55442801105495,35.23652144644689
2025-12-22,31.349589712805948,0.0,71.70198709196603,39.242313840376326
2025-12-23,28.268762775539713,0.0,61.34296497247793,37.218731981568304
2025-12-24,26.36279119222042,0.0,60.79597862376036,38.61126801664686
2025-12-25,26.699092116422907,0.0,65.54057771115907,41.230325266997454
2025-12-26,27.283770968656505,0.0,51.38296929743742,38.21049171804484
2025-12-27,27.507098919949023,0.0,60.30031479164082,34.07029369658489
2025-12-28,30.652419838431637,0.0,38.4761645539082,40.105582135853226
2025-12-29,28.03567548511545,0.0,68.76455645502935,39.85548633279359
2025-12-30,30.844493528083145,0.0,44.385067775581405,35.74626203817185
